,data,stato,codice_regione,denominazione_regione,codice_provincia,denominazione_provincia,sigla_provincia,lat,long,totale_casi,std
3584,2020-03-24 17:00:00,ITA,13,Abruzzo,69,Chieti,CH,42.35103167,14.16754574,155.90838905242944,4.275140252262412
3585,2020-03-24 17:00:00,ITA,13,Abruzzo,66,L'Aquila,AQ,42.35122196,13.39843823,49.77094922893199,1.751247509649444
3586,2020-03-24 17:00:00,ITA,13,Abruzzo,68,Pescara,PE,42.46458398,14.21364822,492.38109447119473,19.69498353961261
3587,2020-03-24 17:00:00,ITA,13,Abruzzo,67,Teramo,TE,42.6589177,13.70439971,175.19975336355196,8.875914488757152
3589,2020-03-24 17:00:00,ITA,17,Basilicata,77,Matera,MT,40.66751177,16.59792442,20.562474313967467,1.5881615271540304
3590,2020-03-24 17:00:00,ITA,17,Basilicata,76,Potenza,PZ,40.63947052,15.80514834,100.94973497288508,4.592488448137986
3592,2020-03-24 17:00:00,ITA,4,P.A. Bolzano,21,Bolzano,BZ,46.49933453,11.35662422,970.1120592773841,36.295328537944656
3594,2020-03-24 17:00:00,ITA,18,Calabria,79,Catanzaro,CZ,38.90597598,16.59440194,65.24100362491112,4.004347952424941
3595,2020-03-24 17:00:00,ITA,18,Calabria,78,Cosenza,CS,39.29308681,16.25609692,87.71511682593867,2.3875791945648555
3596,2020-03-24 17:00:00,ITA,18,Calabria,101,Crotone,KR,39.08036878,17.12538864,84.80254958835451,5.730493369926757
3597,2020-03-24 17:00:00,ITA,18,Calabria,80,Reggio di Calabria,RC,38.10922769,15.6434527,128.58075206644514,7.645894264624268
3598,2020-03-24 17:00:00,ITA,18,Calabria,102,Vibo Valentia,VV,38.67624147,16.10157414,17.923619082600776,3.1464350247968054
3600,2020-03-24 17:00:00,ITA,15,Campania,64,Avellino,AV,40.91404699,14.79528803,194.22952411316402,10.650911554635137
3601,2020-03-24 17:00:00,ITA,15,Campania,62,Benevento,BN,41.12969987,14.78151683,15.357642215232426,1.3382576831931376
3602,2020-03-24 17:00:00,ITA,15,Campania,61,Caserta,CE,41.07465878,14.33240464,145.9795367263765,5.2197726383944065
3603,2020-03-24 17:00:00,ITA,15,Campania,63,Napoli,NA,40.83956555,14.25084984,687.6548850788437,20.026410188843304
3604,2020-03-24 17:00:00,ITA,15,Campania,65,Salerno,SA,40.67821961,14.7594026,221.16175517148142,6.2133722888860525
3606,2020-03-24 17:00:00,ITA,8,Emilia Romagna,37,Bologna,BO,44.49436681,11.3417208,993.7667417762917,20.318364664418013
3607,2020-03-24 17:00:00,ITA,8,Emilia Romagna,38,Ferrara,FE,44.83599085,11.61868934,219.505844770874,4.342075485802259
3608,2020-03-24 17:00:00,ITA,8,Emilia Romagna,40,Forl√¨-Cesena,FC,44.22268559,12.04068608,486.547865475751,16.529653145442346
3609,2020-03-24 17:00:00,ITA,8,Emilia Romagna,36,Modena,MO,44.64600009,10.92615487,1401.0829496074866,20.389827431880683
3610,2020-03-24 17:00:00,ITA,8,Emilia Romagna,34,Parma,PR,44.80107394,10.32834985,1543.0677535898794,43.36556300833178
3611,2020-03-24 17:00:00,ITA,8,Emilia Romagna,33,Piacenza,PC,45.05193462,9.692632596,2226.0218033811484,53.656516217181455
3612,2020-03-24 17:00:00,ITA,8,Emilia Romagna,39,Ravenna,RA,44.41722493,12.19913936,440.61932964325393,12.107017706081047
3613,2020-03-24 17:00:00,ITA,8,Emilia Romagna,35,Reggio nell'Emilia,RE,44.69735289,10.63007973,1798.288466341946,43.59460421582096
3614,2020-03-24 17:00:00,ITA,8,Emilia Romagna,99,Rimini,RN,44.06090087,12.5656295,1240.1730544818115,35.23969154239358
3616,2020-03-24 17:00:00,ITA,6,Friuli Venezia Giulia,31,Gorizia,GO,45.94149817,13.62212502,57.023346690639,3.4660380833701154
3617,2020-03-24 17:00:00,ITA,6,Friuli Venezia Giulia,93,Pordenone,PN,45.95443546,12.66002909,228.51164623167293,10.778188790344174
3618,2020-03-24 17:00:00,ITA,6,Friuli Venezia Giulia,32,Trieste,TS,45.6494354,13.76813649,393.0397649527439,20.43905312038066
3619,2020-03-24 17:00:00,ITA,6,Friuli Venezia Giulia,30,Udine,UD,46.06255516,13.2348383,508.08826106258704,21.6427551044575
3621,2020-03-24 17:00:00,ITA,12,Lazio,60,Frosinone,FR,41.63964569,13.35117161,100.24696843163375,6.869638681925268
3622,2020-03-24 17:00:00,ITA,12,Lazio,59,Latina,LT,41.46759465,12.90368482,233.61972466602205,24.485504131352407
3623,2020-03-24 17:00:00,ITA,12,Lazio,57,Rieti,RI,42.404884440000004,12.86205939,38.60480647712483,2.423067837229348
3624,2020-03-24 17:00:00,ITA,12,Lazio,58,Roma,RM,41.89277044,12.48366722,1460.5215251310974,32.69635922211025
3625,2020-03-24 17:00:00,ITA,12,Lazio,56,Viterbo,VT,42.4173828,12.10473416,122.51330626304014,4.855471025418739
3627,2020-03-24 17:00:00,ITA,7,Liguria,10,Genova,GE,44.41149314,8.9326992,913.8765805156391,44.46638523612322
3628,2020-03-24 17:00:00,ITA,7,Liguria,8,Imperia,IM,43.88570648,8.027850298,222.71529322217108,12.340535385715876
3629,2020-03-24 17:00:00,ITA,7,Liguria,11,La Spezia,SP,44.10704991,9.8281897,141.56935826298903,8.104323365718095
3630,2020-03-24 17:00:00,ITA,7,Liguria,9,Savona,SV,44.30750461,8.481108654,228.72387907654004,8.350944664957268
3632,2020-03-24 17:00:00,ITA,3,Lombardia,16,Bergamo,BG,45.69441368,9.668424528,8104.497356362821,276.6611590199615
3633,2020-03-24 17:00:00,ITA,3,Lombardia,17,Brescia,BS,45.53993052,10.21910323,7437.6540481783295,293.03520316379166
3634,2020-03-24 17:00:00,ITA,3,Lombardia,13,Como,CO,45.8099912,9.085159546,719.0411346976522,19.356194444731827
3635,2020-03-24 17:00:00,ITA,3,Lombardia,19,Cremona,CR,45.13336675,10.02420865,3637.950712152664,129.9258362849835
3636,2020-03-24 17:00:00,ITA,3,Lombardia,97,Lecco,LC,45.85575781,9.393392246,1194.5631941012034,44.03049120286804
3637,2020-03-24 17:00:00,ITA,3,Lombardia,98,Lodi,LO,45.31440693,9.503720769000001,2138.031962918817,83.20638242086396
3638,2020-03-24 17:00:00,ITA,3,Lombardia,20,Mantova,MN,45.15726772,10.79277363,1261.883537875059,38.93304151803883
3639,2020-03-24 17:00:00,ITA,3,Lombardia,15,Milano,MI,45.46679409,9.190347404,6820.290264596412,164.0747046724206
3640,2020-03-24 17:00:00,ITA,3,Lombardia,108,Monza e della Brianza,MB,45.58439043,9.273582472,1562.201538651139,70.72128539531732
3641,2020-03-24 17:00:00,ITA,3,Lombardia,18,Pavia,PV,45.18509264,9.160157191,1714.7366481921786,46.49401606902757
3642,2020-03-24 17:00:00,ITA,3,Lombardia,14,Sondrio,SO,46.17099261,9.87147489,291.5735010939865,15.383166540970146
3643,2020-03-24 17:00:00,ITA,3,Lombardia,12,Varese,VA,45.81701677,8.822868344,535.8719505762502,22.0606021368631
3645,2020-03-24 17:00:00,ITA,11,Marche,42,Ancona,AN,43.61675973,13.5188753,890.7380099016439,30.942803827250128
3646,2020-03-24 17:00:00,ITA,11,Marche,44,Ascoli Piceno,AP,42.85322304,13.57691127,82.09294282114779,5.763865785257475
3647,2020-03-24 17:00:00,ITA,11,Marche,109,Fermo,FM,43.16058534,13.71839535,165.1790939808009,5.075546601332138
3648,2020-03-24 17:00:00,ITA,11,Marche,43,Macerata,MC,43.30023926,13.45307182,417.2676448184702,15.92059344064831
3649,2020-03-24 17:00:00,ITA,11,Marche,41,Pesaro e Urbino,PU,43.91014021,12.91345989,1663.996216235514,63.862523944436674
3651,2020-03-24 17:00:00,ITA,14,Molise,70,Campobasso,CB,41.55774754,14.65916051,62.0472812930745,2.898397414134933
3652,2020-03-24 17:00:00,ITA,14,Molise,94,Isernia,IS,41.58800826,14.22575407,4.991250228339114,1.2644952023874148
3654,2020-03-24 17:00:00,ITA,1,Piemonte,6,Alessandria,AL,44.91297351,8.615401155,1044.417311157592,31.4659716465537
3655,2020-03-24 17:00:00,ITA,1,Piemonte,5,Asti,AT,44.89912921,8.204142547,208.06394478415947,8.72541928601072
3656,2020-03-24 17:00:00,ITA,1,Piemonte,96,Biella,BI,45.5665112,8.054082167,324.6155971622708,11.521642186445895
3657,2020-03-24 17:00:00,ITA,1,Piemonte,4,Cuneo,CN,44.39329625,7.551171632,471.8713344030483,14.775063446105932
3658,2020-03-24 17:00:00,ITA,1,Piemonte,3,Novara,NO,45.44588506,8.621915884,571.1094874724595,22.487464923379406
3659,2020-03-24 17:00:00,ITA,1,Piemonte,1,Torino,TO,45.0732745,7.680687483,2916.8015504353716,94.00501841297353
3660,2020-03-24 17:00:00,ITA,1,Piemonte,103,Verbano-Cusio-Ossola,VB,45.9214455,8.551078753,239.3483158927863,8.709799420162073
3661,2020-03-24 17:00:00,ITA,1,Piemonte,2,Vercelli,VC,45.32398135,8.423234312,344.89528305703135,15.9353642570252
3663,2020-03-24 17:00:00,ITA,16,Puglia,72,Bari,BA,41.12559576,16.86736689,343.75524438718935,8.558295494040058
3664,2020-03-24 17:00:00,ITA,16,Puglia,110,Barletta-Andria-Trani,BT,41.22705039,16.29520432,66.40855922799655,3.773181956462116
3665,2020-03-24 17:00:00,ITA,16,Puglia,74,Brindisi,BR,40.63848545,17.94601575,137.9011893196989,8.309762975057515
3666,2020-03-24 17:00:00,ITA,16,Puglia,71,Foggia,FG,41.46226865,15.54305094,295.17348373594234,9.689075902339606
3667,2020-03-24 17:00:00,ITA,16,Puglia,75,Lecce,LE,40.35354285,18.1718973,180.08111069953478,4.802930370458749
3668,2020-03-24 17:00:00,ITA,16,Puglia,73,Taranto,TA,40.47354739,17.23237181,58.12487682865152,1.9535556446142128
3670,2020-03-24 17:00:00,ITA,20,Sardegna,92,Cagliari,CA,39.21531192,9.110616306,70.74794132974812,2.5885742379317453
3671,2020-03-24 17:00:00,ITA,20,Sardegna,91,Nuoro,NU,40.32318834,9.330296393,28.71288431092944,3.520909501623966
3672,2020-03-24 17:00:00,ITA,20,Sardegna,95,Oristano,OR,39.90381075,8.591183151,6.435476795075918,0.537986968357334
3673,2020-03-24 17:00:00,ITA,20,Sardegna,90,Sassari,SS,40.72667657,8.559667131,392.86647051639767,40.15904852028928
3674,2020-03-24 17:00:00,ITA,20,Sardegna,111,Sud Sardegna,SU,39.16641462,8.526242676,9.980167376624378,0.6343027397825354
3676,2020-03-24 17:00:00,ITA,19,Sicilia,84,Agrigento,AG,37.30971088,13.5845749,51.47844686817973,3.161741604610924
3677,2020-03-24 17:00:00,ITA,19,Sicilia,85,Caltanissetta,CL,37.49213171,14.06184973,43.214950076306735,4.492295912296903
3678,2020-03-24 17:00:00,ITA,19,Sicilia,87,Catania,CT,37.50287803,15.08704691,323.86390897911645,7.627501896654313
3679,2020-03-24 17:00:00,ITA,19,Sicilia,86,Enna,EN,37.56705701,14.27909375,60.22272500363927,3.981177245373578
3680,2020-03-24 17:00:00,ITA,19,Sicilia,83,Messina,ME,38.19395845,15.55572302,186.75528504916895,14.322761465500557
3681,2020-03-24 17:00:00,ITA,19,Sicilia,82,Palermo,PA,38.11569725,13.3623567,121.72789254096668,3.837217991479713
3682,2020-03-24 17:00:00,ITA,19,Sicilia,88,Ragusa,RG,36.92509198,14.73069891,11.749976859771072,0.6044779897733836
3683,2020-03-24 17:00:00,ITA,19,Sicilia,89,Siracusa,SR,37.05991687,15.29333182,68.00548608206238,4.441029190871941
3684,2020-03-24 17:00:00,ITA,19,Sicilia,81,Trapani,TP,38.01850065,12.51365684,50.30119476788573,2.4831801876055484
3686,2020-03-24 17:00:00,ITA,9,Toscana,51,Arezzo,AR,43.46642752,11.88228844,245.53067181581886,16.893920616556272
3687,2020-03-24 17:00:00,ITA,9,Toscana,48,Firenze,FI,43.76923077,11.25588885,708.1399372902019,18.329078727751735
3688,2020-03-24 17:00:00,ITA,9,Toscana,53,Grosseto,GR,42.76026758,11.11356398,169.04703569000011,8.398448086870168
3689,2020-03-24 17:00:00,ITA,9,Toscana,49,Livorno,LI,43.55234873,10.3086781,180.50937671334154,9.063267789100175
3690,2020-03-24 17:00:00,ITA,9,Toscana,46,Lucca,LU,43.84432283,10.50151366,473.52123105685683,16.541684889026733
3691,2020-03-24 17:00:00,ITA,9,Toscana,45,Massa Carrara,MS,44.03674425,10.14173829,382.96708666322274,15.034384726636183
3692,2020-03-24 17:00:00,ITA,9,Toscana,50,Pisa,PI,43.71553206,10.40127259,332.88466649834197,7.377947468320094
3693,2020-03-24 17:00:00,ITA,9,Toscana,47,Pistoia,PT,43.933465,10.91734146,293.9697670394023,9.450702211976658
3694,2020-03-24 17:00:00,ITA,9,Toscana,100,Prato,PO,43.88062274,11.09703315,176.25818657976254,5.996728084212279
3695,2020-03-24 17:00:00,ITA,9,Toscana,52,Siena,SI,43.31816374,11.33190988,188.93492384141584,6.124440575294102
3697,2020-03-24 17:00:00,ITA,4,P.A. Trento,22,Trento,TN,46.06893511,11.12123097,1310.1420999841764,51.11369332646919
3699,2020-03-24 17:00:00,ITA,10,Umbria,54,Perugia,PG,43.10675841,12.38824698,563.9824723022756,18.91280895713831
3700,2020-03-24 17:00:00,ITA,10,Umbria,55,Terni,TR,42.56071258,12.6466875,170.4905122969546,6.064328744594145
3702,2020-03-24 17:00:00,ITA,2,Valle d'Aosta,7,Aosta,AO,45.73750286,7.320149366,536.0225610220634,23.91900497720206
3704,2020-03-24 17:00:00,ITA,5,Veneto,25,Belluno,BL,46.13837528,12.21704167,318.01754441969183,9.94972556082034
3705,2020-03-24 17:00:00,ITA,5,Veneto,28,Padova,PD,45.40692987,11.87608718,1604.367840210941,28.68357949665294
3706,2020-03-24 17:00:00,ITA,5,Veneto,29,Rovigo,RO,45.07107289,11.79007,103.2049042551722,4.520558062096894
3707,2020-03-24 17:00:00,ITA,5,Veneto,26,Treviso,TV,45.66754571,12.24507363,1193.9861503268705,23.48318893934238
3708,2020-03-24 17:00:00,ITA,5,Veneto,27,Venezia,VE,45.43490485,12.33845213,942.9559665807418,14.545114751001018
3709,2020-03-24 17:00:00,ITA,5,Veneto,23,Verona,VR,45.43839046,10.99352685,1442.3976819139475,50.141651200776295
3710,2020-03-24 17:00:00,ITA,5,Veneto,24,Vicenza,VI,45.547497,11.54597109,882.3134363687626,27.759159114488398
