denominazione_regione,data,totale_casi,std_totale_casi,terapia_intensiva,std_terapia_intensiva,deceduti,std_deceduti
Abruzzo,2020-03-26 17:00:00,897.0224045784489,26.419776520346755,62.05015906156644,2.821966249503875,68.49244528004233,5.038107963243901
Abruzzo,2020-03-27 17:00:00,1001.3340224545883,36.91340769624573,65.55751346570074,3.710055945238399,84.932945269498,7.916654213566115
Abruzzo,2020-03-28 17:00:00,1117.7756758442233,49.787908289024195,69.26311933449277,4.714203710210152,105.31972048388056,11.977205820423626
Abruzzo,2020-03-29 17:00:00,1247.7579244199428,65.34376198462202,73.17818273345807,5.834846826514896,130.60001025051338,17.591922353674214
Abruzzo,2020-03-30 17:00:00,1392.85535693634,83.97120154078117,77.31454314539637,7.076792892961639,161.9484233253803,25.25710225926156
Abruzzo,2020-03-31 17:00:00,1554.825665601881,106.13969529673128,81.68470927398891,8.447223044450562,200.8215142347086,35.62433407215775
Abruzzo,2020-04-01 17:00:00,1735.6309385431912,132.3992882894252,86.3018968711761,9.954879091617803,249.02545978168172,49.54338827587672
Abruzzo,2020-04-02 17:00:00,1937.4614282960124,163.38737373891985,91.18006870270891,11.609714217121551,308.79998020032866,68.1183463827946
Abruzzo,2020-04-03 17:00:00,2162.7620842513666,199.83866652339546,96.33397677273345,13.422744637197003,382.9224042205253,92.77996279955171
Abruzzo,2020-04-04 17:00:00,2414.2621704676644,242.59761244943448,101.77920693509894,15.405997031336758,474.8367132630773,125.37845298867056
Abruzzo,2020-04-05 17:00:00,2695.0083276352657,292.63303320889884,107.53222602629776,17.57250591301332,588.8135605996914,168.30218125098713
Abruzzo,2020-04-06 17:00:00,3008.401479701981,351.05505637434356,113.61043166257164,19.936339527803923,730.1487005154991,224.62925686524474
Abruzzo,2020-04-07 17:00:00,3358.2380322417785,419.1345092058722,120.03220485177417,22.51264369432023,905.4090471719197,298.32095810727674
Abruzzo,2020-04-08 17:00:00,3748.755861638631,498.3250369864825,126.8169655790933,25.317698133866855,1122.7377959064977,394.4683081538105
Basilicata,2020-03-26 17:00:00,129.5809637866881,7.610236166013857,17.94635103541041,1.9264592915723182,0.9999999958453303,
Basilicata,2020-03-27 17:00:00,148.81960538073034,10.971317847400812,21.58059474411503,2.919494708458563,0.999999993362112,
Basilicata,2020-03-28 17:00:00,170.91457185126671,15.260670166210891,25.950794598344643,4.266740528198339,0.9999999908788937,
Basilicata,2020-03-29 17:00:00,196.28993637208123,20.644481601760777,31.20598613108751,6.060450869173728,0.9999999883956755,
Basilicata,2020-03-30 17:00:00,225.43273346221807,27.334229782910118,37.52538546452615,8.420528574859473,0.9999999859124572,
Basilicata,2020-03-31 17:00:00,258.9023067383076,35.58790699982179,45.12450106034183,11.499460805916598,0.9999999834292389,
Basilicata,2020-04-01 17:00:00,297.3410445100723,45.7154512087184,54.26248313610768,15.48950893193808,0.9999999809460207,
Basilicata,2020-04-02 17:00:00,341.48670926947506,58.086706345121414,65.25096138257585,20.632039334244883,0.9999999784628024,
Basilicata,2020-04-03 17:00:00,392.1865977158923,73.14145677640292,78.4646723717152,27.229253268381203,0.9999999759795841,
Basilicata,2020-04-04 17:00:00,450.4138030935539,91.40153076680599,94.35423907860837,35.658774867999526,0.999999973496366,
Basilicata,2020-04-05 17:00:00,517.2858919675878,113.48516727272752,113.46153833317256,46.39171551148321,0.9999999710131477,
Basilicata,2020-04-06 17:00:00,594.0863539058191,140.1239557680244,136.43818027301137,60.01499611321906,0.9999999685299296,
Basilicata,2020-04-07 17:00:00,682.2892357544216,172.18274750236694,164.06772999629075,77.25889656734594,0.9999999660467114,
Basilicata,2020-04-08 17:00:00,783.5874333180731,210.68302065858498,197.292429232585,99.03102613605643,0.9999999635634931,
Calabria,2020-03-26 17:00:00,393.38752317867454,8.89303275845883,24.760044531469113,0.8806818908069968,13.85420154065468,1.4827640568331848
Calabria,2020-03-27 17:00:00,435.68080530200496,12.311650928033277,26.854968724094356,1.1921913556991517,16.82087271243294,2.2766988373115944
Calabria,2020-03-28 17:00:00,482.5210585603379,16.45989734100483,29.127142491827133,1.558763488896683,20.422812384935227,3.3666790989554296
Calabria,2020-03-29 17:00:00,534.3971300108083,21.41842210354573,31.591562755313262,1.9841323835896154,24.796053857656,4.8350138105441385
Calabria,2020-03-30 17:00:00,591.8504228931546,27.293971314879773,34.2644953106174,2.473853568946445,30.105759937613385,6.789417706026291
Calabria,2020-03-31 17:00:00,655.4805469702305,34.215043890041386,37.16358218758464,3.034749042340299,36.55246059006932,9.368183508040024
Calabria,2020-04-01 17:00:00,725.9515763393431,42.33143322909726,40.307958091692434,3.6747223806037836,44.379626289363365,12.747495991825355
Calabria,2020-04-02 17:00:00,803.9989800239058,51.81546392617467,43.71837669793879,4.402722728819545,53.88286309017039,17.150915390965626
Calabria,2020-04-03 17:00:00,890.4372976763359,62.864146235219586,47.41734763033806,5.228777659773576,65.42107668648634,22.861378488025004
Calabria,2020-04-04 17:00:00,986.1686404994698,75.70196220836849,51.4292850311236,6.164063452581194,79.43002708777533,30.236260162533302
Calabria,2020-04-05 17:00:00,1092.192106106135,90.58418553921997,55.78066870025173,7.220999648352782,96.43878582738107,39.726210869171155
Calabria,2020-04-06 17:00:00,1209.6142055748082,107.80071753906402,60.50021886876823,8.413362295853693,117.08971723730984,51.89867491503309
Calabria,2020-04-07 17:00:00,1339.6604115230516,127.68046073518956,65.61908575958573,9.756413694612448,142.16273841577757,67.46721932500962
Calabria,2020-04-08 17:00:00,1483.6879477198909,150.59627380667754,71.17105518682125,11.267048103124976,172.60477410592728,87.32807739291422
Campania,2020-03-26 17:00:00,1328.1474277299499,19.713890842263787,187.43601390101585,44.31403649798669,102.56813183045465,7.257958734430332
Campania,2020-03-27 17:00:00,1455.5719182988496,26.975037419478152,227.23715657647006,67.49302981018837,138.2424359029828,12.579057706454499
Campania,2020-03-28 17:00:00,1595.2217089042783,35.653940106018936,275.48988187632017,99.28687658708962,186.32464824435715,20.90028774614401
Campania,2020-03-29 17:00:00,1748.269713483863,45.87715470164615,333.9888430204361,142.0561347139533,251.13037336630396,33.61350493248039
Campania,2020-03-30 17:00:00,1916.001377127917,57.81940119535956,404.90977927170695,198.88995652209434,338.4762296418783,52.74037936883142
Campania,2020-03-31 17:00:00,2099.8254724899243,71.69222018256212,490.8904377378573,273.75093365581523,456.2019181386434,81.18956416679445
Campania,2020-04-01 17:00:00,2301.285932021102,87.74104354171196,595.1286785315325,371.6807035262801,614.8738726308112,123.12373059614582
Campania,2020-04-02 17:00:00,2522.074815407614,106.2457651018825,721.5014120927409,499.06684942151355,828.7336466856166,184.4774886558607
Campania,2020-04-03 17:00:00,2764.0465211234864,127.52303934081633,874.7087922838816,663.9805132585317,1116.976160021708,273.6851497939124
Campania,2020-04-04 17:00:00,3029.2333614616005,151.92962488360155,1060.4490282000718,876.5996313034107,1505.472532757121,402.7010000033431
Campania,2020-04-05 17:00:00,3319.862631856907,179.86650295444656,1285.6303164327987,1149.7375325013159,2029.0921400167515,588.427235771532
Campania,2020-04-06 17:00:00,3638.375317866571,211.78367359911127,1558.6277761379215,1499.5018805209618,2734.832302212446,854.7095839019588
Campania,2020-04-07 17:00:00,3987.446596926317,248.18561211325908,1889.594943038683,1946.1151281153554,3686.0365154057927,1235.1226933988203
Campania,2020-04-08 17:00:00,4370.008307076567,289.63740915769296,2290.8414076931053,2514.935172597829,4968.079827751511,1776.8532371928773
Emilia Romagna,2020-03-26 17:00:00,11357.781323311787,192.87491954585255,299.6667029724205,4.910136511146024,1207.6498781995701,15.43375310566408
Emilia Romagna,2020-03-27 17:00:00,12606.37867980764,267.6907492911422,306.5617497412615,6.225421810614324,1339.2425532231798,21.40266017938442
Emilia Romagna,2020-03-28 17:00:00,13992.238351386863,358.7526611322148,313.61544500015145,7.636209235451427,1485.1743446020084,28.658375466300097
Emilia Romagna,2020-03-29 17:00:00,15530.450024924108,467.9277815106104,320.8314391004567,9.130699454309418,1647.0077272824124,37.346675813126204
Emilia Romagna,2020-03-30 17:00:00,17237.76224500627,597.6720348055339,328.2134663846686,10.703968983025526,1826.475432724297,47.65969318841897
Emilia Romagna,2020-03-31 17:00:00,19132.764777485303,750.9404166115455,335.76534711895886,12.354309290655774,2025.499001058045,59.82860263043438
Emilia Romagna,2020-04-01 17:00:00,21236.091020841723,931.18201511309,343.49098947020275,14.081677376753362,2246.209354794222,74.12307211187624
Emilia Romagna,2020-04-02 17:00:00,23570.642669279052,1142.3724678565434,351.39439152849053,15.88697481187042,2490.9696143663937,90.8536824661689
Emilia Romagna,2020-04-03 17:00:00,26161.83907375329,1389.0671494210626,359.47964337617526,17.77168472844934,2762.400399790472,110.37597713692811
Emilia Romagna,2020-04-04 17:00:00,29037.894016060745,1676.469034441104,367.7509292045282,19.737676891105938,3063.4078893425435,133.09565324798
Emilia Romagna,2020-04-05 17:00:00,32230.122909589787,2010.509268728552,376.21252947909494,21.787097435438614,3397.2149356762143,159.47473191896202
Emilia Romagna,2020-04-06 17:00:00,35773.28377163708,2397.9402408695355,384.86882315487605,23.922303868136634,3767.395572536191,190.03868578198788
Emilia Romagna,2020-04-07 17:00:00,39705.95567990531,2846.4418151168143,393.7242899424754,26.14582551990589,4177.913281527517,225.38457031365814
Emilia Romagna,2020-04-08 17:00:00,44070.95883393818,3364.741894158174,402.78351262639154,28.460338951746312,4633.163428658339,266.1902453066665
Friuli Venezia Giulia,2020-03-26 17:00:00,1249.1482780835645,41.36285163731254,57.566322626294465,4.376178857099924,80.23241981169573,1.5981958191906749
Friuli Venezia Giulia,2020-03-27 17:00:00,1379.1674159705253,57.06936961290459,62.86236530562017,5.961599484980914,91.19546485926585,2.2801765299358707
Friuli Venezia Giulia,2020-03-28 17:00:00,1522.7197560509076,76.04326570725394,68.64563848329331,7.847004853472214,103.65651229785357,3.1379638772179845
Friuli Venezia Giulia,2020-03-29 17:00:00,1681.213918352381,98.6257270871599,74.96096686577765,10.056816165793894,117.82025080234429,4.199798914122215
Friuli Venezia Giulia,2020-03-30 17:00:00,1856.20514085408,125.27267540044049,81.85729898658856,12.625558226504412,133.9193379306352,5.501656635951681
Friuli Venezia Giulia,2020-03-31 17:00:00,2049.410540396765,156.5334010026044,89.38808659415552,15.59522908000211,152.21822182221007,7.087102008801527
Friuli Venezia Giulia,2020-04-01 17:00:00,2262.7259620436203,193.04710188386386,97.61169894297828,19.014531238074234,173.0174850977601,9.007945271513124
Friuli Venezia Giulia,2020-04-02 17:00:00,2498.2445822275354,235.54710761413594,106.59187519914539,22.938869400823638,196.65878231397002,11.325326200924918
Friuli Venezia Giulia,2020-04-03 17:00:00,2758.277448229906,284.86914159467153,116.39821846669648,27.430717418406033,223.53045207749432,14.111112475712014
Friuli Venezia Giulia,2020-04-04 17:00:00,3045.37615553638,341.9622564400488,127.10673526390332,32.56019955633156,254.0738960042854,17.4495880209798
Friuli Venezia Giulia,2020-04-05 17:00:00,3362.357885593136,407.90194798505587,138.80042463081637,38.40582314840332,288.79082930685763,21.43944456730783
Friuli Venezia Giulia,2020-04-06 17:00:00,3712.3330496488807,483.90532227621264,151.56992143410133,45.05533802753379,328.2515221096774,26.196108637127487
Friuli Venezia Giulia,2020-04-07 17:00:00,4098.7358099401845,571.3483657284278,165.51419885526127,52.60671560777044,373.10416686684425,31.854448667621835
Friuli Venezia Giulia,2020-04-08 17:00:00,4525.35777771204,671.7854652956372,180.74133550705557,61.16924930464074,424.08552575390416,38.571917434110006
Lazio,2020-03-26 17:00:00,2196.35636407959,50.303912308203095,124.09520727445177,12.86923533827539,109.03400796732917,5.032175089442508
Lazio,2020-03-27 17:00:00,2484.964052529966,71.3282905196402,141.51744292463732,18.366133086313177,128.44884141062826,7.486411496249918
Lazio,2020-03-28 17:00:00,2811.495640396171,97.61347390836201,161.38565776867915,25.31909296501562,151.32072247290503,10.724306178010718
Lazio,2020-03-29 17:00:00,3180.934439642706,129.95685014500597,184.04325286812335,33.968524110137615,178.265220598769,14.922716191615656
Lazio,2020-03-30 17:00:00,3598.918584088313,169.37796868880235,209.88184076945691,44.621365602723515,210.00751487171854,20.308012780766745
Lazio,2020-03-31 17:00:00,4071.827074924269,217.1090294522055,239.3480141124224,57.650647939918585,247.40191134568178,27.162137816828494
Lazio,2020-04-01 17:00:00,4606.877132866948,274.6097021615424,272.95106451104203,73.50169705655253,291.454835675213,35.83264817687344
Lazio,2020-04-02 17:00:00,5212.234342669648,343.594440713052,311.2717851200434,92.70205348556837,343.35191986360576,46.74592295720573
Lazio,2020-04-03 17:00:00,5897.1372709473835,426.06844509599995,354.97250902972326,115.87420420487729,404.48991213649697,60.423582986549015
Lazio,2020-04-04 17:00:00,6672.038459150469,524.371256947397,404.8085569922837,143.75096777989356,476.5142687572117,77.50253979821822
Lazio,2020-04-05 17:00:00,7548.763943429693,641.2281191397789,461.64129234146833,177.19368876499206,561.3634395228027,98.75930931815638
Lazio,2020-04-06 17:00:00,8540.693735881097,779.8097847690941,526.4530087459675,217.21356387877597,661.3210388321706,125.1394079115673
Lazio,2020-04-07 17:00:00,9662.966021557379,943.8018012595129,600.3639081156464,264.99653701661,779.077306448448,157.79283640182624
Lazio,2020-04-08 17:00:00,10932.708187567347,1137.4845606867077,684.6514621057394,321.9322995244008,917.8015120988816,198.1168700403153
Liguria,2020-03-26 17:00:00,2692.172914776691,76.87817030977419,154.23582030536906,3.38784111570935,305.8835835700356,13.85318774278364
Liguria,2020-03-27 17:00:00,3051.4797396449453,109.21054039662802,160.39594812648642,4.373104591355517,353.83645973972284,20.13027589538412
Liguria,2020-03-28 17:00:00,3458.740911608923,149.73669430037583,166.80210942217133,5.45969682121958,409.30683098419513,28.219359922511426
Liguria,2020-03-29 17:00:00,3920.3565857623107,199.7257663321742,173.46413068829614,6.642786573340718,473.4732028846285,38.46840825859848
Liguria,2020-03-30 17:00:00,4443.581104310168,260.7988277749486,180.39223088773932,7.922426658986472,547.6988334418608,51.320469998048495
Liguria,2020-03-31 17:00:00,5036.636999372055,334.9170273838639,187.597037125388,9.301067172526816,633.5606964153155,67.31903771502455
Liguria,2020-04-01 17:00:00,5708.844210998523,424.4073954406569,195.08960094919556,10.782511161908323,732.8829851978658,87.12173442452226
Liguria,2020-04-02 17:00:00,6470.76655107657,532.0083470013943,202.88141530229746,12.371436248100855,847.7758690391364,111.51943164667279
Liguria,2020-04-03 17:00:00,7334.377714820812,660.9291178193565,210.98443215218964,14.073160743410117,980.6803250194444,141.4601478020285
Liguria,2020-04-04 17:00:00,8313.249448739642,814.9217123693179,219.41108082400993,15.89352472718586,1134.419998259995,178.07792790924816
Liguria,2020-04-05 17:00:00,9422.764832157043,998.3657142451277,228.17428706604497,17.83882927729006,1312.2611921746177,222.72730925804666
Liguria,2020-04-06 17:00:00,10680.360024033278,1216.367183451977,237.28749287670735,19.915807080834313,1517.982263296526,277.0242368609969
Liguria,2020-04-07 17:00:00,12105.798274162744,1474.873415720353,246.76467712339502,22.131611001425327,1755.9538950201793,342.89451275703266
Liguria,2020-04-08 17:00:00,13721.480504865895,1780.8057800292377,256.62037698486193,24.493813514555445,2031.231955728211,422.63108645138357
Lombardia,2020-03-26 17:00:00,35231.8683175099,812.5612694970491,1282.5071309466155,13.194495932837047,5113.949880719769,166.53290350223003
Lombardia,2020-03-27 17:00:00,37781.10601235151,1084.8731017418856,1323.792536438225,16.887019551826075,5686.9626780774,231.51728669394365
Lombardia,2020-03-28 17:00:00,40514.79639548759,1400.0923221031292,1366.4069674498317,20.909707830001626,6324.180967001054,310.83892046515325
Lombardia,2020-03-29 17:00:00,43446.28572893516,1759.968963903663,1410.3932068683118,25.23669727345957,7032.798906445374,406.1955147122744
Lombardia,2020-03-30 17:00:00,46589.88595708475,2167.7148836425677,1455.7954148117415,29.860877401393083,7820.816753438581,519.8118325316486
Lombardia,2020-03-31 17:00:00,49960.94457963145,2627.4503205698234,1502.6591729640768,34.78409013126375,8697.131185538277,654.3653591454657
Lombardia,2020-04-01 17:00:00,53575.919580233145,3143.992708686817,1551.0315303370282,40.012987674299424,9671.635743825063,812.9856635103196
Lombardia,2020-04-02 17:00:00,57452.45977670792,3722.781499056182,1600.961050505054,45.55711407611083,10755.332530429718,999.2867500958486
Lombardia,2020-04-03 17:00:00,61609.4909850519,4369.863518274374,1652.4978603609086,51.42794813943867,11960.456421652842,1217.4180552149178
Lombardia,2020-04-04 17:00:00,66067.30841794243,5091.908699993556,1705.6937004406911,57.63839806542008,13300.613199036192,1472.128951381741
Lombardia,2020-04-05 17:00:00,70847.67576882857,5896.243184680327,1760.601976868909,64.202523932177,14790.933157877645,1768.8451751490368
Lombardia,2020-04-06 17:00:00,75973.93146535245,6790.893860768602,1817.2778149757205,71.13538228087097,16448.241927421623,2113.7571351483352
Lombardia,2020-04-07 17:00:00,81471.10261084448,7784.641574821698,1875.778114640176,78.45293969716063,18291.25043127508,2513.9208294862137
Lombardia,2020-04-08 17:00:00,87366.0271701717,8887.081746793177,1936.161607415024,86.17202726217114,20340.766132691926,2977.3725644428728
Marche,2020-03-26 17:00:00,3205.463568744393,53.31886158746616,152.20660752989156,2.964706228131717,320.8855985589767,9.478479434476197
Marche,2020-03-27 17:00:00,3463.898113092149,71.81484416255832,154.76972710322397,3.7323994500925988,370.9393564546263,13.79012539787593
Marche,2020-03-28 17:00:00,3743.168462396001,93.47094714302864,157.37600894167622,4.547358408218953,428.80081494739653,19.33814559291197
Marche,2020-03-29 17:00:00,4044.9544647167604,118.47305102337354,160.0261798865357,5.401730570190498,495.68786838083247,26.359462591586457
Marche,2020-03-30 17:00:00,4371.071402743908,147.11240127045437,162.72097901890737,6.291839348204834,573.0083859333979,35.15527374156715
Marche,2020-03-31 17:00:00,4723.480912960904,179.75083382139312,165.4611578658294,7.2159510206931605,662.3898450904558,46.09461950364391
Marche,2020-04-01 17:00:00,5104.3027851478755,216.80846629470753,168.2474806098592,8.173326877113402,765.7135875319566,59.62359527774043
Marche,2020-04-02 17:00:00,5515.827713197326,258.76040205062554,171.08072430218905,9.163780879026895,885.1544184693721,76.27821018477624
Marche,2020-04-03 17:00:00,5960.531073940638,306.13754399439466,173.9616790793508,10.187456154855413,1023.2263829367566,96.70044467382237
Marche,2020-04-04 17:00:00,6441.087816866865,359.52957387533934,176.89114838356932,11.244704396819682,1182.8356825561798,121.65763718923864
Marche,2020-04-05 17:00:00,6960.38855429746,419.58927253913384,179.86994918682703,12.336017144969757,1367.3418465937077,152.06560114732576
Marche,2020-04-06 17:00:00,7521.556948801415,487.03781902513305,182.89891221870144,13.461984823174213,1580.628444862196,189.01604606558243
Marche,2020-04-07 17:00:00,8127.968502438446,562.6709135488579,185.97888219803954,14.623271381317247,1827.1848308683084,233.80902273001774
Marche,2020-04-08 17:00:00,8783.270860850022,647.3656697473226,189.1107180685333,15.820598099468224,2112.2006357707414,287.99125993447404
Molise,2020-03-26 17:00:00,81.68806020079737,4.265276581906585,7.497517713521345,0.3355485172098705,9.034221048816715,0.7428039791834099
Molise,2020-03-27 17:00:00,87.42553005689108,5.6777282002786675,7.760873415436052,0.43055246761460736,9.757757242626806,0.9988050596273785
Molise,2020-03-28 17:00:00,93.56597876042792,7.3084745891318725,8.033479675786372,0.5345808049937925,10.539240283312175,1.298491646637041
Molise,2020-03-29 17:00:00,100.13771006821356,9.16520343744949,8.315661427090374,0.6470276222009994,11.383311040384966,1.6443380095495093
Molise,2020-03-30 17:00:00,107.1710156891618,11.263157055564369,8.607755015354517,0.7677701384245146,12.294982063111966,2.0402888223342566
Molise,2020-03-31 17:00:00,114.69831491076224,13.622181161669252,8.910108600980635,0.8969187098899379,13.27966734774672,2.491267500071806
Molise,2020-04-01 17:00:00,122.75430403239909,16.265577930025664,9.223082573755073,1.0347110888721223,14.34321448877127,3.002999543470196
Molise,2020-04-02 17:00:00,131.37611629431856,19.21967740151957,9.54704998241462,1.1814635224053265,15.491939405078977,3.58196283720218
Molise,2020-04-03 17:00:00,140.60349303942039,22.513727791554285,9.882396979301236,1.3375464670574808,16.732663847321348,4.235395865740629
Molise,2020-04-04 17:00:00,150.47896689682605,26.17994437132116,10.229523280635611,1.5033718861967271,18.07275590915775,4.971336333066043
Molise,2020-04-05 17:00:00,161.0480578315896,30.253647462389296,10.588842642958175,1.6793863987514048,19.52017378298579,5.798678462170083
Molise,2020-04-06 17:00:00,172.3594829642207,34.773457642333724,10.960783356305404,1.866067571476689,21.08351301999759,6.7272437907427545
Molise,2020-04-07 17:00:00,184.46538112716246,39.78153300972101,11.345788754709334,2.0639219941355615,22.77205757521772,7.767863213729457
Molise,2020-04-08 17:00:00,197.42155319329265,45.32384135904978,11.744317744628733,2.273484417190576,24.59583494065592,8.93246944469177
P.A. Bolzano,2020-03-26 17:00:00,934.763804607266,13.834003054250072,44.78012557672197,1.94366729604271,53.18077695354922,1.9900625567851302
P.A. Bolzano,2020-03-27 17:00:00,1017.7048162506647,18.79270171656094,49.129995597178024,2.662038358896505,64.70385111724356,3.0686954440828735
P.A. Bolzano,2020-03-28 17:00:00,1108.0051323285359,24.662528316287666,53.902405057869544,3.522137592825027,78.72371539549334,4.553066258258642
P.A. Bolzano,2020-03-29 17:00:00,1206.3177393512449,31.512203173949683,59.13839876650686,4.536906027667636,95.7813678577011,6.557650102376903
P.A. Bolzano,2020-03-30 17:00:00,1313.3535629165422,39.440850889674,64.88300855799721,5.724126700272585,116.53502864547792,9.232459310931029
P.A. Bolzano,2020-03-31 17:00:00,1429.8866086087926,48.56948742682255,71.18564058791137,7.105317883419277,141.7855393501821,12.770473107895914
P.A. Bolzano,2020-04-01 17:00:00,1556.7595590469932,59.03835996982444,78.10050024702048,8.70545840805559,172.50726586235015,17.418092816387006
P.A. Bolzano,2020-04-02 17:00:00,1694.889867555395,71.00667070209661,85.6870583513536,10.553060933188917,209.88569717117164,23.488697883428284
P.A. Bolzano,2020-04-03 17:00:00,1845.2763925217225,84.65342724470675,94.0105626172143,12.680418483318917,255.36319097526848,31.37982594535604
P.A. Bolzano,2020-04-04 17:00:00,2009.0066204178866,100.1789272823084,103.14259882006502,15.123957045615398,310.69463133492786,41.594776716247765
P.A. Bolzano,2020-04-05 17:00:00,2187.264529714827,117.80667442501009,113.16170646349137,17.924667899751658,378.0151460814709,54.76969051325683
P.A. Bolzano,2020-04-06 17:00:00,2381.3391525576426,137.78564237245118,124.15405425326776,21.128610469381563,459.9224970609645,71.70743097177663
P.A. Bolzano,2020-04-07 17:00:00,2592.6338961128313,160.39285879920934,136.21418118589744,24.787484410326282,559.5773224843323,93.41993462211043
P.A. Bolzano,2020-04-08 17:00:00,2822.67669099288,185.93630737119946,149.44580962531194,28.95927376885905,680.8250995324277,121.1810978086536
P.A. Trento,2020-03-26 17:00:00,1421.3515153698054,67.92953236380299,67.55210511189803,4.620688920372466,102.1004059439837,10.332708317963643
P.A. Trento,2020-03-27 17:00:00,1602.6302030272016,95.8845771672758,75.64671706421368,6.48590995237246,137.6684379690537,17.88854917813588
P.A. Trento,2020-03-28 17:00:00,1807.0291127010616,130.6782281023555,84.71128757740667,8.78362435650177,185.62706619636097,29.70997225767637
P.A. Trento,2020-03-29 17:00:00,2037.4969896244768,173.30063032517776,94.8620445343405,11.571316197830983,250.29271932622459,47.77830958216733
P.A. Trento,2020-03-30 17:00:00,2297.3586609921836,225.0225275459362,106.22914313529182,14.923120667492052,337.48551130710297,74.97271856201819
P.A. Trento,2020-03-31 17:00:00,2590.363001325729,287.37797507980287,118.95833477606772,18.928207639238174,455.05307005661257,115.43742795324609
P.A. Trento,2020-04-01 17:00:00,2920.7370153249526,362.17921642238406,133.21283590391369,23.691262156197002,613.5768488725356,175.10601900316922
P.A. Trento,2020-04-02 17:00:00,3293.246818427906,451.5475874760308,149.17542081408791,29.333945309380468,827.3244908017288,262.4415479212193
P.A. Trento,2020-04-03 17:00:00,3713.266394810585,557.9550560807043,167.0507652213897,35.99695547737297,1115.5339617817447,389.47699481903413
P.A. Trento,2020-04-04 17:00:00,4186.85512475853,684.2748152915287,187.06807065642604,43.84256526438649,1504.1450286121242,573.2745403547868
P.A. Trento,2020-04-05 17:00:00,4720.845199852935,833.8408713015699,209.484003337189,53.057608617691095,2028.1339202662616,837.9688048675731
P.A. Trento,2020-04-06 17:00:00,5322.940187059811,1010.5172840319146,234.58598519879473,63.85693698041941,2734.6612994692223,1217.6236276775292
P.A. Trento,2020-04-07 17:00:00,6001.826163649466,1218.7781370991474,262.69587927967456,76.48738716137568,3687.3168719711093,1760.2211481590746
P.A. Trento,2020-04-08 17:00:00,6767.297026225731,1463.799622907073,294.1741167190402,91.2323194754322,4971.842661817654,2533.2253604347675
Piemonte,2020-03-26 17:00:00,6839.2158435384,115.59924222883483,406.81229628226345,6.297763692793758,513.3683522562577,9.927327973461747
Piemonte,2020-03-27 17:00:00,7667.921612614419,162.32334083803096,433.0416197128599,8.344060474107884,598.0191664238935,14.568039156584199
Piemonte,2020-03-28 17:00:00,8597.041415610525,219.99809177579718,460.96208525964624,10.685653014557117,696.6283017614068,20.601340298296414
Piemonte,2020-03-29 17:00:00,9638.742391437007,290.0980042687284,490.6827297288792,13.329357371900342,811.4973868094942,28.31321706951136
Piemonte,2020-03-30 17:00:00,10806.665967641738,374.5245964989409,522.3196201018701,16.29243693018286,945.3075723934367,38.06801790769315
Piemonte,2020-03-31 17:00:00,12116.106499530086,475.5673123566529,555.9963068072607,19.59821098426486,1101.1821121663747,50.315044929321864
Piemonte,2020-04-01 17:00:00,13584.211554934409,595.9173483173889,591.8443062181392,23.274310350167454,1282.7592622420186,65.60170878722737
Piemonte,2020-04-02 17:00:00,15230.206467429965,738.7065241524396,630.0036142582815,27.351975865072692,1494.2772014617303,84.59130752297357
Piemonte,2020-04-03 17:00:00,17075.646098597994,907.5616954820152,670.6232531232771,31.865813647959193,1740.6729544136597,108.08513901801211
Piemonte,2020-04-04 17:00:00,19144.697106247928,1106.6716247260865,713.8618532516385,36.85377240265903,2027.6976261588084,137.0492986729744
Piemonte,2020-04-05 17:00:00,21464.454414997002,1340.8657359354063,759.8882728186385,42.35724085260303,2362.050638349254,172.64684203753583
Piemonte,2020-04-06 17:00:00,24065.296033496696,1615.7053118978356,808.8822571721697,48.42121807923768,2751.536099933843,216.27622639298957
Piemonte,2020-04-07 17:00:00,26981.28086475813,1937.58830819717,861.0351407858913,55.09453383080598,3205.244962288441,269.61716273465265
Piemonte,2020-04-08 17:00:00,30250.594719037283,2313.869376162801,916.5505944709796,62.43010741243946,3733.767210440177,334.6852417914537
Puglia,2020-03-26 17:00:00,1276.0632526273284,33.19286302690504,75.05567774313812,3.4600604579855134,55.037314530165645,1.6892522753666332
Puglia,2020-03-27 17:00:00,1447.2304329666847,47.1896796977184,88.12836274704198,5.126296076617887,62.667848562041826,2.415404580412679
Puglia,2020-03-28 17:00:00,1641.3574497914217,64.74756443715756,103.47795868360228,7.3151849795266815,71.356302118311,3.3309002721491257
Puglia,2020-03-29 17:00:00,1861.5240645978135,86.42215539172426,121.50104233820804,10.14155059214982,81.24934825166085,4.466787182695875
Puglia,2020-03-30 17:00:00,2111.223148569572,112.92287464456561,142.66326353044275,13.752134036649638,92.51399519518591,5.862581085709302
Puglia,2020-03-31 17:00:00,2394.416095834366,145.10820951490197,167.51137578312182,18.329153754812953,105.34040569119192,7.566181109624412
Puglia,2020-04-01 17:00:00,2715.5956696833055,183.99733486561712,196.68736241104244,24.096456190159,119.94510719997872,9.634642542771264
Puglia,2020-04-02 17:00:00,3079.8572787880453,230.79032968965532,230.9450229953319,31.32765358598793,136.57464718134608,12.135418112899638
Puglia,2020-04-03 17:00:00,3492.9798141893157,286.8945153038672,271.1694487765423,40.356236785014424,155.50975515500193,15.147949495685886
Puglia,2020-04-04 17:00:00,3961.5173295092413,353.956322161672,318.3998901386159,51.587893549169046,177.0700818011831,18.76558718303259
Puglia,2020-04-05 17:00:00,4492.903018863958,433.89886005472425,373.8566069949266,65.51540037963115,201.61959510402556,23.097856877045515
Puglia,2020-04-06 17:00:00,5095.567142051998,528.9657477222886,438.97239579106156,82.73656580634783,229.57272463201426,28.273111326710325
Puglia,2020-04-07 17:00:00,5779.070767862961,641.7720001500056,515.4296076654849,103.97581344790082,261.40135767941695,34.44162056745732
Puglia,2020-04-08 17:00:00,6554.2574573002075,775.3629676428068,605.2036141804371,130.110116037095,297.64280537320286,41.77916556674222
Sardegna,2020-03-26 17:00:00,479.613685645645,14.606478230576101,20.470875366574315,0.5715998030030875,29.604965260170072,3.847863642072693
Sardegna,2020-03-27 17:00:00,520.5034192516005,19.78148957401791,21.554619878318515,0.7480103797655576,43.794320606506965,7.3942787101784475
Sardegna,2020-03-28 17:00:00,564.8792300159158,25.87725372547917,22.69573869114675,0.946504164373862,64.78448802525305,13.596878136751021
Sardegna,2020-03-29 17:00:00,613.0383254007656,32.95722796190581,23.897269246438626,1.166924740410416,95.83502679273352,24.153151806749804
Sardegna,2020-03-30 17:00:00,665.3032514571058,41.11538624932368,25.16240979014929,1.4099892699803438,141.76776942010997,41.79510128780251
Sardegna,2020-03-31 17:00:00,722.0240530802614,50.46703519207244,26.494527885932325,1.6768772223924195,209.71560314602388,70.88252270062141
Sardegna,2020-04-01 17:00:00,783.5806184393177,61.145778006964534,27.89716937895402,1.9690607974946983,310.23013469704733,118.3322231792067
Sardegna,2020-04-02 17:00:00,850.385223282154,73.30295765578333,29.37406783425926,2.288230307786689,458.9202473748919,195.06606636008743
Sardegna,2020-04-03 17:00:00,922.8852921566254,87.10825070509615,30.929154474812016,2.636260737274224,678.8760017020891,318.2606501598335
Sardegna,2020-04-04 17:00:00,1001.5663950412077,102.7508896899694,32.56656864566362,3.0151978449142653,1004.2542867160272,514.8339786841477
Sardegna,2020-04-05 17:00:00,1086.9554994550676,120.44129609649735,34.290668832102554,3.4272543553821606,1485.5830370478877,826.8379283816059
Sardegna,2020-04-06 17:00:00,1179.6244998285972,140.41303178240355,36.10604426111371,3.874811799815046,2197.607706690816,1319.7823629261268
Sardegna,2020-04-07 17:00:00,1280.1940477724124,162.92503320801222,38.017527117028486,4.360425799839798,3250.8984769399817,2095.4623818859313
Sardegna,2020-04-08 17:00:00,1389.3377088980867,188.26412057039494,40.0302054038809,4.886833645992354,4809.02067971206,3311.693172791968
Sicilia,2020-03-26 17:00:00,1201.7833792574318,31.945375785084668,83.84758911322486,5.235917187252667,38.07103074095651,2.330352769968914
Sicilia,2020-03-27 17:00:00,1431.4692284391676,48.024743458711306,93.98700913342884,7.356202334700728,55.147810946610626,4.395497995809355
Sicilia,2020-03-28 17:00:00,1705.052830098502,69.55782321716237,105.35255669568157,9.971897453642526,79.88438960049803,7.918857956328644
Sicilia,2020-03-29 17:00:00,2030.9239595718336,97.87805189267743,118.09250347098349,13.14972097964706,115.71657319312622,13.773797690704077
Sicilia,2020-03-30 17:00:00,2419.075853106941,134.70521527619954,132.37305114794515,16.97562947134676,167.62130096412056,23.333590241880145
Sicilia,2020-03-31 17:00:00,2881.411662659587,182.20492218655795,148.38049965230852,21.55305296070281,242.80792078081808,38.739265368640844
Sicilia,2020-04-01 17:00:00,3432.1094805883513,243.0790472174346,166.3236775623003,27.003519572667546,351.7195371638562,63.31001956961983
Sicilia,2020-04-02 17:00:00,4088.0571281758116,320.6834132528745,186.4366664263194,33.46840653337656,509.48351447903053,102.1684798344252
Sicilia,2020-04-03 17:00:00,4869.370041297216,419.1748099803465,208.9818545236234,41.111388899941154,738.0126040737298,163.19036601686923
Sicilia,2020-04-04 17:00:00,5800.008134833276,543.6922118281225,234.25335990650117,50.12144723790098,1069.0485330592678,258.44352252329895
Sicilia,2020-04-05 17:00:00,6908.510562727806,700.578982864373,262.5808673799557,60.716408381258944,1548.5707963898092,406.36416276340213
Sicilia,2020-04-06 17:00:00,8228.870906004966,897.6546765731599,294.3339294750341,73.14704426494207,2243.1830148710596,635.0421130228993
Sicilia,2020-04-07 17:00:00,9801.579627455641,1144.547045942941,329.9267875250667,87.70178143056684,3249.363897302487,987.1720784272712
Sicilia,2020-04-08 17:00:00,11674.865761139396,1453.0972287649445,369.8237757391931,104.71209247475645,4706.867726394449,1527.5045505053222
Toscana,2020-03-26 17:00:00,3300.2215987160225,41.8388073626009,272.66195188463195,6.180398250140024,185.96073948376988,14.964437918078216
Toscana,2020-03-27 17:00:00,3642.9971099499917,57.72249849395812,289.17356934485474,8.150612719885812,227.2365580342344,23.110947030365654
Toscana,2020-03-28 17:00:00,4021.374791398053,76.90398394061461,306.6850824974112,10.392961895210654,277.673951236103,34.39175799876198
Toscana,2020-03-29 17:00:00,4439.05244083867,99.72656379638752,325.25704212710224,12.910931179854556,339.306420859683,49.71231359354386
Toscana,2020-03-30 17:00:00,4900.111925569898,126.64916094592624,344.95366579874184,15.717983170129257,414.618824430944,70.26449564361556
Toscana,2020-03-31 17:00:00,5409.059073556677,158.22465140262497,365.8430599067262,18.83317663388241,506.64755808906216,97.58911455710805
Toscana,2020-04-01 17:00:00,5970.867707847927,195.0962980901365,387.9974551712814,22.279394790859243,619.102976016378,133.66328830691805
Toscana,2020-04-02 17:00:00,6591.028254601589,238.00194224123143,411.4934563956798,26.08260241878592,756.5189820671329,181.0139888119453
Toscana,2020-04-03 17:00:00,7275.601399752681,287.7822629831012,436.41230734803105,30.27155208808207,924.4358247322506,242.8625245690598
Toscana,2020-04-04 17:00:00,8031.277318698573,345.39172352918087,462.84017168354654,34.87770658829032,1129.6234652477776,323.3070498170376
Toscana,2020-04-05 17:00:00,8865.44105783952,411.91170237338775,490.86843087864014,39.935275994500664,1380.354524456023,427.55239272666233
Toscana,2020-04-06 17:00:00,9786.244706933223,488.5656803576688,520.5940002070563,45.48132200785711,1686.7378129120907,562.1989901727753
Toscana,2020-04-07 17:00:00,10802.68706758708,576.7365317941336,552.1196638505967,51.55590629501617,2061.1258912841017,735.6057284281394
Toscana,2020-04-08 17:00:00,11924.701596470048,677.9860651127775,585.554430303179,58.202270991982665,2518.61309280027,958.345200266018
Umbria,2020-03-26 17:00:00,808.0173011151786,13.558097657099617,53.41727290261689,3.935309348071556,25.519503684370594,3.5058739536793455
Umbria,2020-03-27 17:00:00,905.8333539727872,19.03054469700487,60.15020690697938,5.5418497576716135,30.56472328124768,5.282796519747628
Umbria,2020-03-28 17:00:00,1015.4907129304474,25.785302948408635,67.73178775989486,7.538488398908842,36.60738550457764,7.681712631453646
Umbria,2020-03-29 17:00:00,1138.4228495509424,33.994584515646274,76.26898242006101,9.980507342898287,43.84468529780379,10.860018751130415
Umbria,2020-03-30 17:00:00,1276.236766990949,43.880606214167706,85.88224040405291,12.939061745323674,52.51280315069393,15.021763792447594
Umbria,2020-03-31 17:00:00,1430.7340071942442,55.71096526222991,96.70719318367996,16.500064218472133,62.89461256280608,20.425460228381606
Umbria,2020-04-01 17:00:00,1603.9342011501656,69.80022162338201,108.89656778241493,20.764925779757316,75.32891127662478,27.395662500910742
Umbria,2020-04-02 17:00:00,1798.1014700728726,86.51441824626875,122.62234156943039,25.852212989772855,90.22147753045066,36.33801904881398
Umbria,2020-04-03 17:00:00,2015.7740226249628,106.27742187886969,138.0781686527879,31.89990244014011,108.05831213842988,47.75815132159431
Umbria,2020-04-04 17:00:00,2259.797335088629,129.5787205587609,155.48211210526082,39.06813532057868,129.42149853692405,62.28504883020746
Umbria,2020-04-05 17:00:00,2533.3613482247824,156.98260863788116,175.07972057119812,47.542463206079134,155.00819837057296,80.69992178754619
Umbria,2020-04-06 17:00:00,2840.0421670678593,189.13882327308463,197.1474926616441,57.53761744998816,185.6534025159338,103.97170347796067
Umbria,2020-04-07 17:00:00,3183.8488087676606,226.79476860182095,221.99677801614536,69.30185818875941,222.35717999472377,133.30067748080566
Umbria,2020-04-08 17:00:00,3569.275609579019,270.8095126532731,249.97817007052302,83.12197598683535,266.31731401185885,170.17204032096848
Valle d'Aosta,2020-03-26 17:00:00,463.24986328701215,30.11609196399277,30.211191528000167,4.526794134961221,31.017310107554007,2.8102185295852835
Valle d'Aosta,2020-03-27 17:00:00,501.34909648459364,40.56810867991729,35.43534425133174,6.667352360978709,40.98731397411958,4.78073664044917
Valle d'Aosta,2020-03-28 17:00:00,542.5817392852437,52.84192824597564,41.56286325372578,9.478857430997005,54.162011502213325,7.787766963597508
Valle d'Aosta,2020-03-29 17:00:00,587.2054938765546,67.04840178218635,48.74995963339586,13.106327827296838,71.57149872807436,12.275727581740508
Valle d'Aosta,2020-03-30 17:00:00,635.4992567443117,83.35970531467673,57.17985668479388,17.73544183410318,94.57697910598148,18.876412398407233
Valle d'Aosta,2020-03-31 17:00:00,687.7648617631534,101.989619436716,67.06746087752228,23.59680467476456,124.97719253857944,28.47895964096401
Valle d'Aosta,2020-04-01 17:00:00,744.3289666448901,123.18659574451839,78.66484054609687,30.973534064975798,165.1490542674496,42.32807680385372
Valle d'Aosta,2020-04-02 17:00:00,805.5450945347087,147.2320048861526,92.26765196081557,40.211370148901636,218.23349982048637,62.15985371697847
Valle d'Aosta,2020-04-03 17:00:00,871.7958435151373,174.44076982177995,108.22267660192453,51.73126450873968,288.3810667590679,90.3885965833999
Valle d'Aosta,2020-04-04 17:00:00,943.4952778270846,205.16327064065658,126.93666178758599,66.04471702850773,381.07641463618654,130.36321748686726
Valle d'Aosta,2020-04-05 17:00:00,1021.091515752966,239.78804843456402,148.8866900330338,83.77230590257615,503.5671565543398,186.71848871202826
Valle d'Aosta,2020-04-06 17:00:00,1105.0695303360847,278.74510182979094,174.63234149080617,105.6659944060029,665.4305315701973,265.8556093132178
Valle d'Aosta,2020-04-07 17:00:00,1195.9541804406251,322.5096895129093,204.82995953362405,132.63593457928135,879.3222246177486,376.5988993386065
Valle d'Aosta,2020-04-08 17:00:00,1294.3134910962656,371.60661039024535,240.2493831576717,165.78263871629076,1161.9658822720219,531.0921845040031
Veneto,2020-03-26 17:00:00,7134.075808131518,139.8304617863108,337.70105743102914,6.137206471174941,289.6809044441507,4.787213442014458
Veneto,2020-03-27 17:00:00,7802.422214342625,190.87062916757554,359.2722524409783,8.127485281239842,331.6356441739001,6.887245774018303
Veneto,2020-03-28 17:00:00,8533.381764948153,251.69732485664224,382.2213420234144,10.402825912832084,379.66672569486474,9.554466553121378
Veneto,2020-03-29 17:00:00,9332.8202891267,323.14114422919874,406.636341397337,12.969443715492917,434.65419092367864,12.887530981378267
Veneto,2020-03-30 17:00:00,10207.15314846389,406.36314427910634,432.6108878945915,15.843667624478186,497.6055390204377,17.011838726219533
Veneto,2020-03-31 17:00:00,11163.396719165305,502.7723664593471,460.24460008131575,19.047659192664124,569.6741861331747,22.079932461844837
Veneto,2020-04-01 17:00:00,12209.224697311935,614.0028910655863,489.64345981884503,22.607709121004394,652.18059868334,28.2744511714621
Veneto,2020-04-02 17:00:00,13353.029678998764,741.9154920874928,520.920218729367,26.55354819371083,746.6364874035673,35.812563791553806
Veneto,2020-04-03 17:00:00,14603.990509526651,888.611261115334,554.1948306252198,30.918101940419646,854.7725054191776,44.95157932468935
Veneto,2020-04-04 17:00:00,15972.145942113735,1056.4522986687687,589.5949115603054,35.73746056946391,978.5699578671389,55.995707711641636
Veneto,2020-04-05 17:00:00,17468.47519722533,1248.0875049832985,627.2562292680198,41.05096497303975,1120.29710404699,69.30406551123865
Veneto,2020-04-06 17:00:00,19104.986068997405,1466.4827247152032,667.3232238628157,46.90136280351486,1282.5507172441455,85.30008686024647
Veneto,2020-04-07 17:00:00,20894.81128579335,1714.9550601024234,709.9495618024082,53.335012246558634,1468.3036636989068,104.48254905743971
Veneto,2020-04-08 17:00:00,22852.31389817123,1997.2114519860336,755.2987252352044,60.402122338263055,1680.9593724793308,127.43846698513612
